7438275,processed1.png
8372851,processed2.png
9015522,processed3.png
9440152,processed4.png
9725132,processed5.png
10000058,processed6.png
10278117,processed7.png
10582712,processed8.png
10821541,processed9.png
10947094,processed10.png
11175979,processed11.png
11354374,processed12.png
11576566,processed13.png
11710296,processed14.png
11844961,processed15.png
11955632,processed16.png
12031538,processed17.png
12093635,processed18.png
12202696,processed19.png
12321701,processed20.png
12373514,processed21.png
12447317,processed22.png
12540804,processed23.png
12609342,processed24.png
12674546,processed25.png
12752353,processed26.png
12819458,processed27.png
12894745,processed28.png
12980582,processed29.png
13059090,processed30.png
13109553,processed31.png
13167081,processed32.png
13201832,processed33.png
13266460,processed34.png
13273603,processed35.png
13308723,unprocessed.png
13320440,processed36.png
13369859,processed37.png
13432942,processed38.png
13497595,processed39.png
13546502,processed40.png
13585271,processed41.png
13623441,processed42.png
13677565,processed43.png
13710204,processed44.png
13770639,processed45.png
13783075,processed46.png
13822231,processed47.png
13845749,processed48.png
13876608,processed49.png
13898259,processed50.png
13934547,processed51.png
13942295,processed52.png
13970159,processed53.png
13983962,processed54.png
14017896,processed55.png
14040952,processed56.png
14071112,processed57.png
14094917,processed58.png
14106932,processed59.png
14124557,processed60.png
14140598,processed61.png
14166155,processed62.png
14188441,processed63.png
14198959,processed64.png
14209080,processed65.png
14221997,processed66.png
14222719,processed67.png
14246058,processed68.png
14265053,processed69.png
14275532,processed70.png
14296167,processed71.png
14310918,processed72.png
14323915,processed73.png
14336330,processed75.png
14338972,processed74.png
14346865,processed76.png
14354045,processed77.png
14370108,processed78.png
14377176,processed81.png
14381731,processed79.png
14385435,processed80.png
14398123,processed82.png
14401741,processed83.png
14409770,processed84.png
14427993,processed85.png
14435014,processed86.png
14437551,processed87.png
14454403,processed88.png
14468093,processed92.png
14468129,processed89.png
14469298,processed90.png
14472179,processed91.png
14474793,processed93.png
14494038,processed94.png
14520112,processed95.png
14530243,processed96.png
14538372,processed97.png
14544790,processed98.png
14549978,processed99.png
14568920,processed100.png
14575825,processed101.png
14584276,processed102.png
14598650,processed103.png
14602840,processed106.png
14609112,processed105.png
14610507,processed104.png
14616939,processed107.png
14629044,processed109.png
14632162,processed108.png
14643925,processed110.png
14657328,processed111.png
14662397,processed112.png
14668903,processed113.png
14670248,processed114.png
14697767,processed115.png
14700472,processed116.png
14706509,processed117.png
14710401,processed118.png
14711335,processed119.png
14725931,processed120.png
14740719,processed121.png
14750066,processed122.png
14751418,processed123.png
14760833,processed124.png
14772476,processed125.png
14783062,processed126.png
14787835,processed128.png
14791030,processed127.png
14798921,processed129.png
14805287,processed130.png
14809357,processed131.png
14820075,processed132.png
14827267,processed133.png
14829279,processed134.png
14833326,processed135.png
14836720,processed136.png
14840818,processed137.png
14850186,processed141.png
14853676,processed138.png
14855723,processed140.png
14859734,processed139.png
14861433,processed144.png
14862034,processed143.png
14863371,processed142.png
14870186,processed145.png
14876371,processed146.png
14883678,processed147.png
14889292,processed148.png
14892420,processed149.png
14896336,processed150.png
14899640,processed151.png
14908585,processed152.png
14909442,processed153.png
14909562,processed154.png
14916128,processed155.png
14920426,processed156.png
14924933,processed157.png
14925164,processed158.png
14930209,processed160.png
14930865,processed159.png
14931243,processed161.png
14933437,processed162.png
14940376,processed163.png
14946139,processed165.png
14947636,processed164.png
14948359,processed166.png
14954450,processed168.png
14955222,processed169.png
14957798,processed167.png
14958899,processed170.png
14966898,processed171.png
14967128,processed172.png
14968477,processed176.png
14971247,processed174.png
14974384,processed175.png
14975202,processed177.png
14975689,processed173.png
14986797,processed178.png
14987467,processed180.png
14989096,processed179.png
14992005,processed181.png
14999604,processed182.png
15004242,processed183.png
15007676,processed184.png
15015334,processed185.png
15019536,processed187.png
15021729,processed186.png
15026177,processed189.png
15028356,processed188.png
15031992,processed190.png
15041082,processed191.png
15043172,processed192.png
15050480,processed193.png
15050994,processed197.png
15051068,processed196.png
15052502,processed194.png
15053844,processed195.png
15053856,processed198.png
15056054,processed199.png
15057735,processed201.png
15059277,processed200.png
15059395,processed205.png
15060438,processed202.png
15060485,processed203.png
15060854,processed206.png
15062812,processed204.png
15065737,processed207.png
15065815,processed208.png
15066033,processed211.png
15067249,processed210.png
15068156,processed209.png
15072753,processed212.png
15073909,processed213.png
15075861,processed215.png
15075934,processed214.png
15080183,processed217.png
15080380,processed216.png
15081181,processed218.png
15088664,processed219.png
15093123,processed224.png
15093251,processed220.png
15095211,processed221.png
15096008,processed223.png
15096115,processed225.png
15098001,processed222.png
15099965,processed226.png
15103523,processed229.png
15104112,processed227.png
15106310,processed228.png
15109766,processed230.png
15110474,processed232.png
15111041,processed231.png
15119725,processed233.png
15120531,processed234.png
15124927,processed235.png
15126805,processed239.png
15127901,processed240.png
15128022,processed237.png
15128085,processed236.png
15129660,processed241.png
15132523,processed238.png
15134585,processed244.png
15135248,processed242.png
15136280,processed243.png
15139541,processed245.png
15141777,processed246.png
15143045,processed247.png
15148027,processed248.png
15156920,processed254.png
15157879,processed253.png
15157924,processed249.png
15158213,processed251.png
15159553,processed250.png
15159740,processed256.png
15160603,processed257.png
15160651,processed255.png
15162064,processed252.png
15164845,processed264.png
15164933,processed262.png
15165105,processed263.png
15167754,processed259.png
15168148,processed265.png
15168353,processed258.png
15168575,processed260.png
15169112,processed270.png
15169121,processed266.png
15169210,processed271.png
15169879,processed267.png
15169974,processed261.png
15171468,processed269.png
15171627,processed272.png
15171936,processed268.png
15171948,processed273.png
15172180,processed282.png
15174449,processed281.png
15175314,processed274.png
15177663,processed286.png
15177706,processed277.png
15178764,processed283.png
15178915,processed275.png
15178982,processed285.png
15179868,processed276.png
15181848,processed299.png
15182083,processed287.png
15182310,processed278.png
15182529,processed279.png
15183148,processed289.png
15183212,processed280.png
15184240,processed298.png
15184712,processed300.png
15185191,processed288.png
15185488,processed284.png
15186123,processed302.png
15186576,processed301.png
15187296,processed297.png
15192267,processed290.png
15193194,processed292.png
15193754,processed296.png
15194142,processed291.png
15194807,processed294.png
15194870,processed303.png
15196580,processed295.png
15197291,processed293.png
15198392,processed304.png
15199668,processed305.png
15199771,processed321.png
15200594,processed312.png
15201042,processed311.png
15201361,processed310.png
15201823,processed318.png
15201847,processed309.png
15202975,processed316.png
15203165,processed306.png
15203236,processed320.png
15203940,processed307.png
15204206,processed319.png
15204394,processed317.png
15204960,processed313.png
15206423,processed308.png
15207863,processed323.png
15208014,processed314.png
15209073,processed322.png
15209184,processed324.png
15209625,processed325.png
15211316,processed315.png
15214185,processed326.png
15218134,processed330.png
15218503,processed333.png
15219182,processed329.png
15220058,processed327.png
15221096,processed334.png
15221587,processed331.png
15222814,processed328.png
15223852,processed335.png
15225299,processed332.png
15225579,processed337.png
15226129,processed336.png
15228785,processed338.png
15231724,processed339.png
15231887,processed349.png
15232108,processed350.png
15233361,processed351.png
15234624,processed340.png
15236006,processed348.png
15237187,processed341.png
15238061,processed342.png
15238293,processed345.png
15238328,processed352.png
15239793,processed347.png
15240017,processed353.png
15241251,processed343.png
15243718,processed346.png
15244090,processed344.png
15248780,processed354.png
15254347,processed355.png
15254576,processed357.png
15256209,processed356.png
15259958,processed359.png
15260247,processed364.png
15260751,processed358.png
15261167,processed363.png
15261404,processed368.png
15262882,processed360.png
15263189,processed361.png
15263460,processed365.png
15263675,processed369.png
15265171,processed362.png
15265197,processed371.png
15266041,processed367.png
15266927,processed366.png
15267402,processed370.png
15269428,processed379.png
15269795,processed372.png
15270146,processed373.png
15270760,processed380.png
15270872,processed374.png
15272442,processed381.png
15272790,processed375.png
15274344,processed378.png
15276767,processed382.png
15277070,processed376.png
15277806,processed377.png
15278597,processed388.png
15279581,processed387.png
15279796,processed384.png
15279869,processed390.png
15280203,processed385.png
15280975,processed383.png
15281385,processed389.png
15284141,processed392.png
15284348,processed386.png
15284599,processed393.png
15285513,processed395.png
15285737,processed391.png
15286479,processed394.png
15289056,processed396.png
15291591,processed397.png
15292595,processed398.png
15292636,processed399.png
15292725,processed401.png
15294542,processed400.png
15296201,processed402.png
15299809,processed403.png
15300667,processed404.png
15302159,processed405.png
15302511,processed406.png
15307593,processed411.png
15307699,processed415.png
15307755,processed410.png
15308193,processed409.png
15308686,processed407.png
15309171,processed408.png
15309225,processed413.png
15309482,processed414.png
15309882,processed416.png
15309924,processed425.png
15310519,processed412.png
15311966,processed423.png
15312049,processed424.png
15312396,processed417.png
15312856,processed418.png
15313040,processed421.png
15313212,processed419.png
15313533,processed426.png
15313719,processed420.png
15314172,processed422.png
15318594,processed427.png
15320832,processed429.png
15321155,processed428.png
15323287,processed430.png
15324819,processed431.png
15330386,processed432.png
15333142,processed434.png
15335271,processed437.png
15335549,processed440.png
15335659,processed435.png
15336230,processed439.png
15336528,processed438.png
15337116,processed436.png
15337304,processed433.png
15337963,processed441.png
15339366,processed445.png
15340159,processed446.png
15341252,processed444.png
15341345,processed442.png
15341446,processed443.png
15342909,processed447.png
15344658,processed448.png
15346466,processed452.png
15347209,processed449.png
15347756,processed455.png
15348599,processed450.png
15349669,processed451.png
15350151,processed454.png
15351100,processed453.png
15351512,processed456.png
15356266,processed457.png
15357432,processed458.png
15359810,processed459.png
15364645,processed460.png
15366024,processed462.png
15367129,processed463.png
15368098,processed461.png
15368442,processed464.png
15371406,processed472.png
15371449,processed465.png
15373863,processed471.png
15375048,processed466.png
15375706,processed467.png
15375961,processed475.png
15377459,processed469.png
15377484,processed473.png
15377832,processed474.png
15379725,processed470.png
15379881,processed468.png
15380868,processed481.png
15381118,processed479.png
15381218,processed476.png
15381834,processed480.png
15382155,processed477.png
15382813,processed478.png
15386205,processed483.png
15386491,processed482.png
15390822,processed491.png
15391135,processed486.png
15391575,processed492.png
15391721,processed493.png
15391773,processed490.png
15392033,processed484.png
15393723,processed494.png
15395176,processed496.png
15395466,processed487.png
15395570,processed498.png
15395731,processed497.png
15395873,processed499.png
15395902,processed500.png
15395913,processed495.png
15396021,processed489.png
15396052,processed488.png
15396342,processed485.png
884802018,bill_leonard.mp4
