2694365,processed1.png
4055009,processed2.png
4282296,processed3.png
4764917,processed4.png
5093060,processed5.png
5519507,processed6.png
5656165,processed7.png
5840939,processed8.png
6024244,processed9.png
6144241,processed10.png
6242167,processed11.png
6329916,processed12.png
6418281,processed13.png
6479368,processed14.png
6533498,processed15.png
6569648,processed16.png
6645471,processed17.png
6718875,processed18.png
6771440,processed19.png
6818387,processed20.png
6868395,processed21.png
6900417,processed22.png
6935459,processed23.png
6980540,processed24.png
7041289,processed25.png
7069200,processed26.png
7110964,processed27.png
7152700,processed28.png
7190686,processed29.png
7239614,processed30.png
7275691,processed31.png
7297083,processed32.png
7332267,processed33.png
7370768,processed34.png
7396711,processed35.png
7428347,processed36.png
7455300,processed37.png
7479153,processed38.png
7508290,processed39.png
7540199,processed40.png
7558156,processed41.png
7582912,processed42.png
7594721,processed43.png
7614330,processed44.png
7636285,processed45.png
7661282,processed46.png
7690318,processed47.png
7707972,processed48.png
7718319,processed49.png
7733437,processed50.png
7745458,processed51.png
7768596,processed52.png
7788871,processed53.png
7806481,processed54.png
7816432,processed55.png
7834296,processed56.png
7861342,processed57.png
7870710,processed58.png
7885499,processed59.png
7899506,processed60.png
7912907,processed61.png
7929718,processed62.png
7941745,processed63.png
7959075,processed64.png
7970271,processed65.png
7984863,processed66.png
7991368,processed67.png
8007601,processed68.png
8023201,processed69.png
8032354,processed70.png
8044363,processed71.png
8059657,processed72.png
8069552,processed73.png
8080187,processed74.png
8093571,processed75.png
8107324,processed76.png
8122055,processed77.png
8137146,processed78.png
8152887,processed79.png
8165624,processed80.png
8180852,processed81.png
8198896,processed82.png
8210383,processed83.png
8223564,processed84.png
8241369,processed85.png
8245592,processed86.png
8254786,processed87.png
8267349,processed88.png
8283369,processed89.png
8291945,processed90.png
8303868,processed91.png
8308774,processed92.png
8318538,processed93.png
8327598,processed94.png
8339686,processed95.png
8351324,processed96.png
8361725,processed97.png
8371259,processed98.png
8377490,processed99.png
8389761,processed100.png
8397187,processed101.png
8405662,processed102.png
8414646,processed103.png
8423844,processed104.png
8433470,processed105.png
8442900,processed106.png
8454234,processed107.png
8463228,processed108.png
8468358,processed109.png
8474095,processed110.png
8482241,processed111.png
8489386,processed112.png
8500891,processed113.png
8508048,processed114.png
8516585,processed115.png
8525573,processed116.png
8534677,processed117.png
8540087,processed118.png
8553160,processed119.png
8560310,processed120.png
8570195,processed121.png
8579702,processed122.png
8585315,processed123.png
8595034,processed124.png
8603409,processed125.png
8613359,processed126.png
8624622,processed127.png
8632381,processed128.png
8641687,processed129.png
8647418,processed130.png
8656309,processed131.png
8664252,processed132.png
8675246,processed133.png
8680915,processed134.png
8692031,processed135.png
8699651,processed136.png
8708243,processed137.png
8717356,processed138.png
8726888,processed139.png
8732762,processed140.png
8741025,processed141.png
8750205,processed142.png
8758558,processed143.png
8767371,processed144.png
8775464,processed145.png
8784239,processed146.png
8794972,processed147.png
8807747,processed148.png
8815043,processed149.png
8821473,processed150.png
8826363,processed151.png
8837682,processed152.png
8845080,processed153.png
8849683,processed154.png
8860311,processed155.png
8868057,processed156.png
8877542,processed157.png
8882024,processed158.png
8895352,processed159.png
8902334,processed160.png
8910643,processed161.png
8921771,processed162.png
8922612,processed163.png
8933563,processed164.png
8938283,processed165.png
8943996,processed166.png
8953402,processed167.png
8962665,processed168.png
8968452,processed169.png
8979360,processed170.png
8985847,processed171.png
8994977,processed172.png
9002568,processed173.png
9006117,processed174.png
9013994,processed175.png
9020967,processed176.png
9029787,processed177.png
9038407,processed178.png
9045992,processed179.png
9053841,processed180.png
9059821,processed181.png
9066218,processed182.png
9072658,unprocessed.png
9074381,processed183.png
9080321,processed184.png
9090521,processed185.png
9098235,processed186.png
9104508,processed187.png
9110201,processed188.png
9118597,processed189.png
9128448,processed190.png
9136201,processed191.png
9146950,processed192.png
9153810,processed193.png
9160428,processed194.png
9166866,processed195.png
9176142,processed196.png
9185864,processed197.png
9195484,processed198.png
9201570,processed199.png
9210510,processed200.png
9220365,processed201.png
9226626,processed202.png
9235625,processed203.png
9241386,processed204.png
9245204,processed205.png
9254581,processed206.png
9262643,processed207.png
9273655,processed208.png
9280122,processed209.png
9287838,processed210.png
9293254,processed211.png
9298711,processed212.png
9306164,processed213.png
9311957,processed214.png
9318889,processed215.png
9326081,processed216.png
9337171,processed217.png
9345623,processed218.png
9354014,processed219.png
9361235,processed220.png
9369967,processed221.png
9376853,processed222.png
9385023,processed223.png
9394105,processed224.png
9403340,processed225.png
9410149,processed226.png
9415590,processed227.png
9427581,processed228.png
9433586,processed229.png
9437648,processed230.png
9448810,processed231.png
9453171,processed232.png
9462705,processed233.png
9470167,processed234.png
9477621,processed235.png
9485235,processed236.png
9493481,processed237.png
9499559,processed238.png
9507142,processed239.png
9514919,processed240.png
9520327,processed241.png
9530581,processed242.png
9536684,processed243.png
9546103,processed244.png
9552992,processed245.png
9558840,processed246.png
9566765,processed247.png
9577374,processed248.png
9585124,processed249.png
9595126,processed250.png
9603056,processed251.png
9610132,processed252.png
9618248,processed253.png
9624576,processed254.png
9631438,processed255.png
9639517,processed256.png
9646343,processed257.png
9656482,processed258.png
9661037,processed259.png
9672780,processed260.png
9676238,processed261.png
9684811,processed262.png
9694543,processed263.png
9701808,processed264.png
9708261,processed265.png
9714883,processed266.png
9722949,processed267.png
9729025,processed268.png
9736450,processed269.png
9745022,processed270.png
9754411,processed271.png
9763878,processed272.png
9768731,processed273.png
9779249,processed274.png
9786409,processed275.png
9794426,processed276.png
9799246,processed277.png
9807279,processed278.png
9813659,processed279.png
9822375,processed280.png
9830760,processed281.png
9839440,processed282.png
9846480,processed283.png
9852733,processed284.png
9860216,processed285.png
9869090,processed286.png
9876892,processed287.png
9885769,processed288.png
9893370,processed289.png
9898312,processed290.png
9906068,processed291.png
9911919,processed292.png
9920071,processed293.png
9925753,processed294.png
9935277,processed295.png
9938110,processed296.png
9946435,processed297.png
9959856,processed298.png
9964976,processed299.png
9970945,processed300.png
9978373,processed301.png
9986047,processed302.png
9989952,processed303.png
9999392,processed304.png
10005191,processed305.png
10013129,processed306.png
10020718,processed307.png
10028137,processed308.png
10033434,processed309.png
10041296,processed310.png
10047965,processed311.png
10056206,processed312.png
10062901,processed313.png
10072109,processed314.png
10079334,processed315.png
10085105,processed316.png
10093198,processed317.png
10101033,processed318.png
10107322,processed319.png
10114086,processed320.png
10122114,processed321.png
10127816,processed322.png
10137517,processed323.png
10142210,processed324.png
10149321,processed325.png
10157729,processed326.png
10167402,processed327.png
10171629,processed328.png
10179329,processed329.png
10185242,processed330.png
10190999,processed331.png
10198272,processed332.png
10205826,processed333.png
10210227,processed334.png
10217457,processed335.png
10224625,processed336.png
10230973,processed337.png
10236657,processed338.png
10244568,processed339.png
10248712,processed340.png
10254781,processed341.png
10264761,processed342.png
10268446,processed343.png
10272591,processed344.png
10282466,processed345.png
10288007,processed346.png
10296316,processed347.png
10300873,processed348.png
10307859,processed349.png
10314854,processed350.png
10320177,processed351.png
10324330,processed352.png
10330334,processed353.png
10334730,processed354.png
10342400,processed355.png
10350321,processed356.png
10356419,processed357.png
10363877,processed358.png
10368282,processed359.png
10375503,processed360.png
10381677,processed361.png
10388945,processed362.png
10392740,processed363.png
10401106,processed364.png
10405390,processed365.png
10410566,processed366.png
10418222,processed367.png
10424142,processed368.png
10428228,processed369.png
10433700,processed370.png
10439954,processed371.png
10444185,processed372.png
10448342,processed373.png
10455613,processed374.png
10461779,processed375.png
10468404,processed376.png
10473641,processed377.png
10477923,processed378.png
10484134,processed379.png
10487823,processed380.png
10494532,processed381.png
10499526,processed382.png
10504210,processed383.png
10511207,processed384.png
10513371,processed385.png
10520082,processed386.png
10525928,processed387.png
10530375,processed388.png
10538626,processed389.png
10543041,processed390.png
10550380,processed391.png
10555597,processed392.png
10559901,processed393.png
10564614,processed394.png
10571579,processed395.png
10576850,processed396.png
10581768,processed397.png
10588055,processed398.png
10593516,processed399.png
10599679,processed400.png
10601782,processed401.png
10608698,processed402.png
10616311,processed403.png
10618814,processed404.png
10626140,processed405.png
10627856,processed406.png
10632823,processed407.png
10637870,processed408.png
10644116,processed409.png
10645374,processed410.png
10649807,processed411.png
10658614,processed412.png
10665359,processed413.png
10671626,processed414.png
10677786,processed415.png
10683164,processed416.png
10687383,processed417.png
10694103,processed418.png
10697700,processed419.png
10703371,processed420.png
10709957,processed421.png
10713728,processed422.png
10719135,processed423.png
10723814,processed424.png
10726106,processed425.png
10730143,processed426.png
10736829,processed427.png
10741962,processed428.png
10745324,processed429.png
10749757,processed430.png
10756632,processed431.png
10760029,processed432.png
10762184,processed433.png
10767886,processed434.png
10772041,processed435.png
10776266,processed436.png
10781085,processed437.png
10785109,processed438.png
10790411,processed439.png
10795517,processed440.png
10801895,processed441.png
10805416,processed442.png
10810614,processed443.png
10816512,processed444.png
10820367,processed445.png
10824612,processed446.png
10829261,processed447.png
10835402,processed448.png
10838124,processed449.png
10842004,processed450.png
10847519,processed451.png
10852698,processed452.png
10855794,processed453.png
10863028,processed454.png
10866725,processed455.png
10872929,processed456.png
10876645,processed457.png
10878400,processed458.png
10884379,processed459.png
10889971,processed460.png
10891557,processed461.png
10895846,processed462.png
10901478,processed463.png
10905541,processed464.png
10910576,processed465.png
10913452,processed466.png
10917743,processed467.png
10921359,processed468.png
10926542,processed469.png
10931314,processed470.png
10933724,processed471.png
10939188,processed472.png
10942592,processed473.png
10945512,processed474.png
10949607,processed475.png
10954875,processed476.png
10958041,processed477.png
10963613,processed478.png
10967177,processed479.png
10969124,processed480.png
10973297,processed481.png
10977444,processed482.png
10982303,processed483.png
10986523,processed484.png
10989608,processed485.png
10994907,processed486.png
10997998,processed487.png
11001816,processed488.png
11005105,processed489.png
11008613,processed490.png
11010564,processed491.png
11016048,processed492.png
11020133,processed493.png
11022652,processed494.png
11026238,processed495.png
11029589,processed496.png
11033951,processed497.png
11037737,processed498.png
11041168,processed499.png
11044814,processed500.png