6406622,processed1.png
7109959,processed2.png
7621965,processed3.png
8190529,processed4.png
8396989,processed5.png
8670468,processed6.png
9032790,processed7.png
9101371,processed8.png
9297279,processed9.png
9425912,processed10.png
9629688,processed11.png
9673922,processed12.png
9877716,processed13.png
10085625,processed14.png
10097755,processed15.png
10178671,processed16.png
10321950,processed17.png
10352646,processed18.png
10423193,processed19.png
10501136,processed20.png
10597813,processed22.png
10607558,processed21.png
10747843,processed24.png
10757152,processed23.png
10806176,processed25.png
10872238,processed26.png
10893835,processed27.png
10935326,processed28.png
10954276,processed29.png
11032312,processed30.png
11044943,processed31.png
11132704,processed32.png
11158710,processed33.png
11212160,processed34.png
11259554,processed35.png
11327782,processed36.png
11410001,processed37.png
11421325,processed38.png
11453469,processed40.png
11459161,processed39.png
11513897,processed43.png
11526824,processed42.png
11535149,processed41.png
11634563,processed44.png
11639279,processed46.png
11654350,processed47.png
11660573,processed45.png
11713514,processed48.png
11767155,processed49.png
11788134,processed50.png
11828327,processed51.png
11865330,processed52.png
11910913,processed53.png
11957143,processed55.png
11964686,processed54.png
11981901,processed56.png
12017916,processed57.png
12022653,processed59.png
12036520,processed60.png
12040674,processed62.png
12040982,processed61.png
12048504,processed58.png
12099142,processed64.png
12099996,processed63.png
12108789,processed65.png
12177100,processed66.png
12193617,processed68.png
12215861,processed67.png
12230027,processed70.png
12234368,processed69.png
12265912,processed72.png
12271613,processed71.png
12272736,processed73.png
12287664,processed74.png
12327365,processed75.png
12338813,processed76.png
12368268,processed77.png
12387791,processed78.png
12425281,processed79.png
12427810,processed81.png
12434173,processed80.png
12494312,processed83.png
12497911,processed82.png
12501838,processed86.png
12507760,processed85.png
12537738,processed84.png
12541694,processed88.png
12544934,processed87.png
12546746,processed89.png
12570632,processed94.png
12584983,processed93.png
12591246,processed91.png
12603275,processed90.png
12603604,processed92.png
12612344,processed95.png
12644996,processed97.png
12651039,processed96.png
12686312,processed98.png
12692162,processed100.png
12693122,processed99.png
12715432,processed101.png
12723766,processed102.png
12766200,processed103.png
12797569,processed108.png
12803173,processed104.png
12809203,processed107.png
12810447,processed106.png
12813873,processed105.png
12856387,processed109.png
12868512,processed112.png
12870740,processed111.png
12874692,processed110.png
12896438,processed113.png
12910338,processed117.png
12914411,processed114.png
12923874,processed115.png
12925413,processed118.png
12933736,processed119.png
12935243,processed121.png
12936384,processed116.png
12946318,processed120.png
12985248,processed125.png
12987765,processed127.png
12989824,processed124.png
12994394,processed122.png
13004166,processed126.png
13009378,processed123.png
13019121,processed128.png
13052178,processed129.png
13060648,processed132.png
13071793,processed135.png
13073241,processed136.png
13073741,processed133.png
13075207,processed134.png
13076362,processed131.png
13081007,processed130.png
13092298,processed137.png
13139910,processed139.png
13149805,processed138.png
13154983,processed140.png
13157401,processed142.png
13158090,processed143.png
13158398,processed141.png
13170875,processed144.png
13177151,processed146.png
13180780,processed145.png
13212864,processed149.png
13233076,processed147.png
13233419,processed148.png
13237054,processed150.png
13240186,processed151.png
13274535,processed152.png
13278785,processed153.png
13285293,processed154.png
13295378,processed156.png
13302460,processed160.png
13304856,processed155.png
13317802,processed159.png
13323788,processed162.png
13330656,processed163.png
13330676,processed161.png
13339328,processed157.png
13340126,processed158.png
13347409,processed164.png
13365818,processed165.png
13376721,processed166.png
13388256,processed170.png
13400392,processed171.png
13402675,processed172.png
13403588,processed169.png
13407058,processed167.png
13409782,processed173.png
13412732,processed168.png
13424155,processed176.png
13424647,processed175.png
13428854,processed174.png
13457275,processed177.png
13479596,processed179.png
13482961,processed178.png
13490163,processed182.png
13492640,processed181.png
13494104,processed183.png
13500775,processed180.png
13514744,processed184.png
13524247,processed185.png
13540832,processed187.png
13544643,processed188.png
13549700,processed189.png
13553206,processed190.png
13554159,processed186.png
13573633,processed192.png
13579460,unprocessed.png
13581427,processed191.png
13603618,processed197.png
13606055,processed195.png
13606931,processed193.png
13609051,processed194.png
13615743,processed196.png
13627504,processed198.png
13630760,processed199.png
13659814,processed200.png
13661202,processed201.png
13670994,processed202.png
13675523,processed208.png
13681019,processed209.png
13682435,processed204.png
13695944,processed207.png
13697043,processed203.png
13697104,processed205.png
13715326,processed210.png
13720101,processed206.png
13721785,processed211.png
13728892,processed212.png
13734675,processed213.png
13748342,processed216.png
13748527,processed219.png
13748748,processed214.png
13758589,processed218.png
13761990,processed215.png
13765625,processed217.png
13773901,processed220.png
13779053,processed221.png
13785124,processed222.png
13785924,processed223.png
13796135,processed224.png
13801092,processed225.png
13809542,processed228.png
13814029,processed227.png
13816821,processed226.png
13821345,processed232.png
13826138,processed233.png
13828556,processed231.png
13833266,processed229.png
13845262,processed234.png
13845811,processed230.png
13849588,processed235.png
13865464,processed236.png
13867131,processed238.png
13870287,processed237.png
13883489,processed239.png
13887551,processed241.png
13887901,processed240.png
13892276,processed242.png
13913035,processed243.png
13914874,processed245.png
13916213,processed244.png
13920609,processed247.png
13934710,processed248.png
13937460,processed246.png
13943761,processed249.png
13957000,processed252.png
13960258,processed250.png
13964574,processed253.png
13966341,processed251.png
13969446,processed255.png
13973431,processed254.png
13977224,processed257.png
13980615,processed256.png
13986928,processed259.png
13989606,processed258.png
13993918,processed261.png
14003420,processed260.png
14017590,processed264.png
14018271,processed262.png
14020836,processed263.png
14030243,processed265.png
14039027,processed270.png
14041872,processed271.png
14049540,processed267.png
14050750,processed266.png
14051836,processed268.png
14052373,processed269.png
14059958,processed275.png
14062020,processed274.png
14063906,processed276.png
14065702,processed273.png
14071024,processed272.png
14071333,processed277.png
14072614,processed278.png
14100199,processed279.png
14103659,processed280.png
14105164,processed281.png
14110288,processed282.png
14119133,processed285.png
14122808,processed283.png
14124619,processed284.png
14129766,processed290.png
14130603,processed287.png
14130945,processed286.png
14131124,processed291.png
14137101,processed289.png
14143599,processed292.png
14145869,processed288.png
14161231,processed293.png
14173808,processed295.png
14176798,processed294.png
14186738,processed296.png
14195939,processed297.png
14197492,processed298.png
14202595,processed300.png
14209439,processed299.png
14221717,processed303.png
14224950,processed302.png
14226046,processed301.png
14229847,processed306.png
14231852,processed305.png
14239876,processed307.png
14240698,processed311.png
14243742,processed309.png
14247544,processed308.png
14247863,processed304.png
14250953,processed310.png
14255586,processed312.png
14258483,processed313.png
14265920,processed314.png
14275488,processed315.png
14278547,processed316.png
14288409,processed317.png
14292697,processed319.png
14298330,processed320.png
14308923,processed321.png
14310362,processed322.png
14310669,processed318.png
14311054,processed324.png
14314769,processed323.png
14332729,processed325.png
14344758,processed326.png
14347893,processed327.png
14351244,processed328.png
14354188,processed332.png
14357959,processed330.png
14359863,processed331.png
14364679,processed333.png
14365857,processed335.png
14366041,processed334.png
14367140,processed329.png
14380141,processed336.png
14383276,processed338.png
14383886,processed337.png
14392157,processed339.png
14397279,processed341.png
14400119,processed340.png
14407825,processed342.png
14412269,processed343.png
14425989,processed346.png
14429898,processed345.png
14432939,processed344.png
14438679,processed349.png
14442450,processed350.png
14446653,processed347.png
14447200,processed351.png
14450618,processed348.png
14458197,processed358.png
14459308,processed355.png
14459870,processed352.png
14462148,processed356.png
14465943,processed357.png
14468192,processed359.png
14469654,processed354.png
14470583,processed361.png
14471590,processed353.png
14474970,processed360.png
14493051,processed362.png
14495745,processed363.png
14496587,processed365.png
14497876,processed364.png
14510195,processed366.png
14514820,processed369.png
14516756,processed368.png
14522247,processed367.png
14522818,processed374.png
14527497,processed370.png
14529557,processed371.png
14530525,processed373.png
14531389,processed372.png
14535027,processed375.png
14538563,processed376.png
14552927,processed377.png
14559565,processed378.png
14563280,processed379.png
14573301,processed382.png
14575726,processed383.png
14576252,processed381.png
14577456,processed384.png
14578001,processed380.png
14578227,processed385.png
14578244,processed386.png
14587095,processed387.png
14604374,processed388.png
14611088,processed395.png
14611763,processed396.png
14612884,processed392.png
14617956,processed391.png
14620766,processed389.png
14621612,processed394.png
14623487,processed397.png
14623832,processed390.png
14628410,processed393.png
14628718,processed398.png
14640039,processed399.png
14646049,processed400.png
14661777,processed402.png
14662961,processed404.png
14664865,processed403.png
14665784,processed401.png
14666597,processed406.png
14667893,processed407.png
14673075,processed405.png
14674588,processed408.png
14682706,processed409.png
14692371,processed410.png
14695699,processed411.png
14701124,processed412.png
14706298,processed413.png
14706593,processed416.png
14706904,processed415.png
14707366,processed414.png
14710869,processed417.png
14715577,processed418.png
14716130,processed422.png
14716965,processed421.png
14718362,processed419.png
14723418,processed420.png
14724626,processed423.png
14728245,processed424.png
14737335,processed425.png
14744567,processed426.png
14755862,processed427.png
14765549,processed428.png
14767001,processed429.png
14767959,processed432.png
14768109,processed431.png
14770600,processed433.png
14770650,processed430.png
14773044,processed434.png
14774913,processed436.png
14775808,processed435.png
14777910,processed437.png
14789914,processed438.png
14799770,processed439.png
14809205,processed440.png
14812863,processed445.png
14820593,processed441.png
14821259,processed446.png
14822559,processed444.png
14826394,processed442.png
14827407,processed443.png
14831607,processed447.png
14836422,processed449.png
14839614,processed448.png
14842941,processed450.png
14844930,processed451.png
14849258,processed452.png
14859718,processed453.png
14864639,processed456.png
14867255,processed454.png
14868078,processed455.png
14868794,processed457.png
14869601,processed461.png
14871696,processed460.png
14872840,processed458.png
14873147,processed459.png
14877245,processed462.png
14879182,processed463.png
14879896,processed465.png
14882862,processed464.png
14885582,processed466.png
14888895,processed468.png
14889439,processed467.png
14896549,processed470.png
14897183,processed469.png
14904562,processed471.png
14911674,processed472.png
14915173,processed473.png
14924394,processed474.png
14928596,processed475.png
14937549,processed476.png
14940263,processed478.png
14941720,processed477.png
14945511,processed479.png
14945594,processed483.png
14946162,processed482.png
14949498,processed481.png
14952015,processed484.png
14952280,processed480.png
14958118,processed485.png
14963998,processed486.png
14968818,processed488.png
14969137,processed487.png
14969595,processed489.png
14971531,processed490.png
14978238,processed491.png
14982101,processed493.png
14982627,processed492.png
14986795,processed494.png
14988985,processed495.png
14990602,processed497.png
14994450,processed496.png
15003443,processed498.png
15009675,processed499.png
15015592,processed500.png
15019017,processed501.png
15023800,processed502.png
15027033,processed506.png
15028069,processed505.png
15028994,processed504.png
15031334,processed507.png
15032071,processed503.png
15038396,processed508.png
15042828,processed510.png
15044346,processed509.png
15044819,processed511.png
15052535,processed512.png
15053739,processed515.png
15053837,processed514.png
15056623,processed513.png
