5033882,processed1.png
6109037,processed2.png
6505651,processed3.png
7036829,processed4.png
7338118,processed5.png
7617754,processed6.png
7864326,processed7.png
8032442,processed8.png
8231076,processed9.png
8411767,processed10.png
8583018,processed11.png
8702547,processed12.png
8845126,processed13.png
8959693,processed14.png
9098084,processed15.png
9233031,processed16.png
9348734,processed17.png
9436136,processed18.png
9558301,processed19.png
9654514,processed20.png
9745057,processed21.png
9847970,processed22.png
9923763,processed23.png
10027280,processed24.png
10104297,processed25.png
10172794,processed26.png
10263018,processed27.png
10344484,processed28.png
10419477,processed29.png
10492980,processed30.png
10550808,processed31.png
10596681,processed32.png
10650069,processed33.png
10716128,processed34.png
10792399,processed35.png
10842341,processed36.png
10912516,processed37.png
10961120,processed38.png
11012938,processed39.png
11085809,processed40.png
11128321,processed41.png
11179594,processed42.png
11232292,processed43.png
11291641,processed44.png
11334964,processed45.png
11386160,processed46.png
11433963,processed47.png
11479438,processed48.png
11519085,processed49.png
11564869,processed50.png
11619870,processed51.png
11664051,processed52.png
11703414,processed53.png
11759709,processed54.png
11800070,processed55.png
11835064,processed56.png
11866286,processed57.png
11903742,processed58.png
11949465,processed59.png
11988641,processed60.png
12037731,processed61.png
12079671,processed62.png
12122365,processed63.png
12168619,processed64.png
12204886,processed65.png
12243954,processed66.png
12274616,processed67.png
12317430,processed68.png
12352713,processed69.png
12391760,processed70.png
12422595,processed71.png
12452736,processed72.png
12485713,processed73.png
12513875,processed74.png
12547914,processed75.png
12586136,processed76.png
12620107,processed77.png
12657520,processed78.png
12682142,processed79.png
12723482,processed80.png
12756081,processed81.png
12794377,processed82.png
12827822,processed83.png
12861632,processed84.png
12889365,processed85.png
12918046,processed86.png
12943864,processed87.png
12968818,processed88.png
12992088,processed89.png
13016712,processed90.png
13041368,processed91.png
13068244,processed92.png
13095919,processed93.png
13126077,processed94.png
13155467,processed95.png
13176067,processed96.png
13198691,processed97.png
13227493,processed98.png
13254894,processed99.png
13280519,processed100.png
13308129,processed101.png
13335665,processed102.png
13357492,processed103.png
13380442,processed104.png
13402802,processed105.png
13430663,processed106.png
13453650,processed107.png
13481421,processed108.png
13499734,processed109.png
13523085,processed110.png
13544638,processed111.png
13572712,processed112.png
13593070,processed113.png
13609833,processed114.png
13635257,processed115.png
13663288,processed116.png
13686542,processed117.png
13711908,processed118.png
13732140,processed119.png
13751496,processed120.png
13769245,processed121.png
13791508,processed122.png
13813434,processed123.png
13834457,processed124.png
13854915,processed125.png
13876628,processed126.png
13898731,processed127.png
13905726,unprocessed.png
13911945,processed128.png
13936828,processed129.png
13953321,processed130.png
13968328,processed131.png
13990341,processed132.png
14012466,processed133.png
14031641,processed134.png
14053585,processed135.png
14072659,processed136.png
14091547,processed137.png
14108296,processed138.png
14129073,processed139.png
14144948,processed140.png
14165874,processed141.png
14186105,processed142.png
14202787,processed143.png
14225320,processed144.png
14244580,processed145.png
14263067,processed146.png
14279485,processed147.png
14294863,processed148.png
14313460,processed149.png
14331777,processed150.png
14347171,processed151.png
14366515,processed152.png
14386143,processed153.png
14402258,processed154.png
14420280,processed155.png
14439902,processed156.png
14454806,processed157.png
14471512,processed158.png
14488671,processed159.png
14504992,processed160.png
14521259,processed161.png
14537402,processed162.png
14554213,processed163.png
14567950,processed164.png
14581820,processed165.png
14602063,processed166.png
14617395,processed167.png
14633034,processed168.png
14645776,processed169.png
14660706,processed170.png
14676212,processed171.png
14693016,processed172.png
14709398,processed173.png
14724873,processed174.png
14742248,processed175.png
14758763,processed176.png
14771886,processed177.png
14788940,processed178.png
14802663,processed179.png
14819061,processed180.png
14832376,processed181.png
14848707,processed182.png
14863941,processed183.png
14876517,processed184.png
14893407,processed185.png
14904667,processed186.png
14917411,processed187.png
14930857,processed188.png
14943974,processed189.png
14957321,processed190.png
14967401,processed191.png
14979401,processed192.png
14994643,processed193.png
15008891,processed194.png
15018922,processed195.png
15031226,processed196.png
15045006,processed197.png
15062111,processed198.png
15075404,processed199.png
15085474,processed200.png
15095719,processed201.png
15108675,processed202.png
15119222,processed203.png
15132964,processed204.png
15145747,processed205.png
15157236,processed206.png
15168420,processed207.png
15180083,processed208.png
15191433,processed209.png
15206812,processed210.png
15218308,processed211.png
15227149,processed212.png
15234608,processed213.png
15245335,processed214.png
15257355,processed215.png
15269571,processed216.png
15283574,processed217.png
15293733,processed218.png
15305673,processed219.png
15318874,processed220.png
15327560,processed221.png
15337785,processed222.png
15349276,processed223.png
15358316,processed224.png
15371341,processed225.png
15384037,processed226.png
15397139,processed227.png
15407297,processed228.png
15416961,processed229.png
15430727,processed230.png
15441318,processed231.png
15453043,processed232.png
15462433,processed233.png
15469722,processed234.png
15480872,processed235.png
15490415,processed236.png
15500655,processed237.png
15515769,processed238.png
15525723,processed239.png
15536444,processed240.png
15548074,processed241.png
15558635,processed242.png
15566359,processed243.png
15574753,processed244.png
15583596,processed245.png
15595900,processed246.png
15604080,processed247.png
15614539,processed248.png
15625355,processed249.png
15635195,processed250.png
15643124,processed251.png
15653181,processed252.png
15663015,processed253.png
15672124,processed254.png
15681958,processed255.png
15688566,processed256.png
15697139,processed257.png
15706660,processed258.png
15716304,processed259.png
15725413,processed260.png
15729479,processed261.png
15737289,processed262.png
15747321,processed263.png
15754977,processed264.png
15764483,processed265.png
15771976,processed266.png
15781743,processed267.png
15793306,processed268.png
15803720,processed269.png
15813025,processed270.png
15821212,processed271.png
15828416,processed272.png
15836740,processed273.png
15845314,processed274.png
15852872,processed275.png
15860822,processed276.png
15868029,processed277.png
15877510,processed278.png
15884737,processed279.png
15894397,processed280.png
15900469,processed281.png
15907149,processed282.png
15916752,processed283.png
15923124,processed284.png
15930822,processed285.png
15939127,processed286.png
15947631,processed287.png
15955398,processed288.png
15965308,processed289.png
15972314,processed290.png
15976393,processed291.png
15985007,processed292.png
15991551,processed293.png
16000747,processed294.png
16006010,processed295.png
16011994,processed296.png
16020872,processed297.png
16029594,processed298.png
16036566,processed299.png
16042955,processed300.png
16049557,processed301.png
16054917,processed302.png
16064199,processed303.png
16072255,processed304.png
16083364,processed305.png
16091352,processed306.png
16101062,processed307.png
16106973,processed308.png
16114858,processed309.png
16120254,processed310.png
16127427,processed311.png
16134055,processed312.png
16143873,processed313.png
16149527,processed314.png
16155668,processed315.png
16163069,processed316.png
16170093,processed317.png
16175945,processed318.png
16182303,processed319.png
16190839,processed320.png
16194741,processed321.png
16200832,processed322.png
16207916,processed323.png
16212049,processed324.png
16219615,processed325.png
16225580,processed326.png
16230831,processed327.png
16236911,processed328.png
16243361,processed329.png
16248147,processed330.png
16253211,processed331.png
16260422,processed332.png
16263816,processed333.png
16269587,processed334.png
16274831,processed335.png
16281414,processed336.png
16288585,processed337.png
16295119,processed338.png
16298064,processed339.png
16305219,processed340.png
16311404,processed341.png
16318272,processed342.png
16323791,processed343.png
16332426,processed344.png
16339041,processed345.png
16345334,processed346.png
16353433,processed347.png
16357258,processed348.png
16362040,processed349.png
16369109,processed350.png
16372809,processed351.png
16378422,processed352.png
16384795,processed353.png
16389303,processed354.png
16391816,processed355.png
16400285,processed356.png
16408660,processed357.png
16415004,processed358.png
16420936,processed359.png
16423455,processed360.png
16429330,processed361.png
16435521,processed362.png
16439793,processed363.png
16441613,processed364.png
16446976,processed365.png
16453629,processed366.png
16458579,processed367.png
16462885,processed368.png
16466384,processed369.png
16475061,processed370.png
16480562,processed371.png
16483468,processed372.png
16487766,processed373.png
16490435,processed374.png
16497010,processed375.png
16500683,processed376.png
16505453,processed377.png
16507938,processed378.png
16512710,processed379.png
16518588,processed380.png
16523387,processed381.png
16530735,processed382.png
16537274,processed383.png
16541633,processed384.png
16544825,processed385.png
16552708,processed386.png
16559010,processed387.png
16564689,processed388.png
16570764,processed389.png
16575745,processed390.png
16580224,processed391.png
16582192,processed392.png
16583529,processed393.png
16590875,processed394.png
16596484,processed395.png
16602744,processed396.png
16608525,processed397.png
16609914,processed398.png
16613681,processed399.png
16617005,processed400.png
16625499,processed401.png
16628289,processed402.png
16632326,processed403.png
16635959,processed404.png
16640857,processed405.png
16643562,processed406.png
16649364,processed407.png
16658187,processed408.png
16662751,processed409.png
16663987,processed410.png
16667973,processed411.png
16671257,processed412.png
16674287,processed413.png
16678297,processed414.png
16683064,processed415.png
16689568,processed416.png
16691599,processed417.png
16696252,processed418.png
16699913,processed419.png
16704896,processed420.png
16710023,processed421.png
16713571,processed422.png
16718511,processed423.png
16722253,processed424.png
16727101,processed425.png
16728743,processed426.png
16730615,processed427.png
16732174,processed428.png
16738133,processed429.png
16740262,processed430.png
16743592,processed431.png
16746755,processed432.png
16751073,processed433.png
16756323,processed434.png
16759450,processed435.png
16763531,processed436.png
16763816,processed437.png
16769332,processed438.png
16772558,processed439.png
16773416,processed440.png
16777599,processed441.png
16781622,processed442.png
16786688,processed443.png
16792332,processed444.png
16796105,processed445.png
16798414,processed446.png
16802761,processed447.png
16808163,processed448.png
16812502,processed449.png
16817776,processed450.png
16822372,processed451.png
16825554,processed452.png
16831081,processed453.png
16835030,processed454.png
16836650,processed455.png
16840087,processed456.png
16844261,processed457.png
16847457,processed458.png
16849451,processed459.png
16851303,processed460.png
16851908,processed461.png
16854242,processed462.png
16855345,processed463.png
16858726,processed464.png
16859996,processed465.png
16864199,processed466.png
16869662,processed467.png
16871659,processed468.png
16878345,processed469.png
16881259,processed470.png
16882240,processed471.png
16886399,processed472.png
16888812,processed473.png
16893932,processed474.png
16897994,processed475.png
16900796,processed476.png
16908248,processed477.png
16911255,processed478.png
16913203,processed479.png
16914444,processed480.png
16916474,processed481.png
16918966,processed482.png
16924714,processed483.png
16929513,processed484.png
16930809,processed485.png
16932485,processed486.png
16933110,processed487.png
16935168,processed488.png
16939171,processed489.png
16941184,processed490.png
16941702,processed491.png
16946025,processed492.png
16948360,processed493.png
16950992,processed494.png
16952639,processed495.png
16956859,processed496.png
16959878,processed497.png
16964359,processed498.png
16967677,processed500.png
16968490,processed499.png
