169489,processed1.png
195944,processed2.png
217846,processed3.png
233629,processed4.png
247959,processed5.png
260525,processed6.png
268026,processed7.png
275691,processed8.png
279556,processed9.png
284146,processed10.png
290968,processed11.png
296190,processed12.png
301412,processed13.png
306448,processed14.png
310605,processed15.png
315823,processed16.png
321362,processed17.png
325803,processed18.png
328038,processed19.png
332872,processed20.png
337171,processed21.png
340466,processed22.png
342451,processed23.png
345484,processed24.png
347727,processed25.png
350647,processed26.png
354351,processed27.png
358059,processed28.png
360962,processed29.png
363131,processed30.png
365996,processed31.png
368439,processed32.png
370479,processed33.png
373014,processed34.png
374995,processed35.png
377014,processed36.png
379648,processed37.png
381911,processed38.png
383169,processed39.png
384167,processed40.png
386569,processed41.png
387977,processed42.png
390056,processed43.png
391158,processed44.png
392675,processed45.png
394369,processed46.png
396328,processed47.png
397505,processed48.png
398593,processed49.png
399845,processed50.png
401468,processed51.png
402722,processed52.png
403738,processed53.png
404302,processed54.png
405584,processed55.png
406939,processed56.png
408788,processed57.png
409664,processed58.png
410840,processed59.png
412192,processed60.png
413555,processed61.png
414607,processed62.png
415393,processed63.png
416137,processed64.png
416896,processed65.png
418455,processed66.png
419988,processed67.png
420737,processed68.png
421155,processed69.png
422664,processed70.png
423739,processed71.png
424584,processed72.png
425323,processed73.png
426043,processed74.png
426660,processed75.png
427712,processed76.png
428404,unprocessed.png
429053,processed77.png
429674,processed78.png
429703,processed79.png
430526,processed80.png
431409,processed81.png
431708,processed82.png
432597,processed83.png
432826,processed84.png
433416,processed85.png
434365,processed86.png
435528,processed87.png
436178,processed88.png
436236,processed90.png
436273,processed89.png
437030,processed91.png
437658,processed92.png
437693,processed93.png
438087,processed94.png
438263,processed95.png
439023,processed96.png
440157,processed97.png
440295,processed100.png
440523,processed98.png
440603,processed99.png
441303,processed101.png
441750,processed102.png
441956,processed356.png
442039,processed103.png
442140,processed104.png
442469,processed105.png
443062,processed106.png
444162,processed109.png
444227,processed107.png
444292,processed108.png
444889,processed110.png
445851,processed111.png
446040,processed112.png
446485,processed114.png
446487,processed113.png
446709,processed115.png
447345,processed116.png
447853,processed345.png
447878,processed355.png
447905,processed119.png
447913,processed120.png
447971,processed350.png
448016,processed344.png
448069,processed349.png
448087,processed346.png
448088,processed334.png
448098,processed117.png
448128,processed340.png
448148,processed339.png
448233,processed335.png
448256,processed336.png
448274,processed118.png
448300,processed343.png
448373,processed342.png
448419,processed338.png
448430,processed348.png
448539,processed333.png
448567,processed354.png
448574,processed329.png
448596,processed330.png
448742,processed337.png
448760,processed341.png
448802,processed347.png
448803,processed352.png
448820,processed332.png
448899,processed325.png
448964,processed122.png
448979,processed121.png
448997,processed324.png
449007,processed326.png
449092,processed123.png
449111,processed328.png
449196,processed124.png
449225,processed353.png
449264,processed331.png
449345,processed322.png
449436,processed323.png
449519,processed327.png
449530,processed125.png
449530,processed320.png
449544,processed351.png
449775,processed321.png
449844,processed319.png
449915,processed126.png
450401,processed315.png
450440,processed129.png
450497,processed316.png
450546,processed128.png
450564,processed127.png
450691,processed318.png
450798,processed314.png
450921,processed317.png
450997,processed130.png
451083,processed309.png
451304,processed310.png
451400,processed313.png
451549,processed312.png
451603,processed305.png
451675,processed306.png
451682,processed131.png
451732,processed308.png
451855,processed304.png
451867,processed132.png
451916,processed311.png
451967,processed134.png
452040,processed133.png
452068,processed300.png
452153,processed307.png
452166,processed135.png
452296,processed303.png
452331,processed299.png
452434,processed302.png
452651,processed136.png
452667,processed301.png
452959,processed298.png
453069,processed295.png
453159,processed296.png
453257,processed294.png
453421,processed139.png
453576,processed137.png
453582,processed140.png
453675,processed292.png
453680,processed293.png
453712,processed297.png
453797,processed138.png
453800,processed290.png
454051,processed141.png
454074,processed144.png
454074,processed291.png
454156,processed142.png
454209,processed145.png
454381,processed143.png
454406,processed146.png
454469,processed289.png
454773,processed149.png
454854,processed288.png
454858,processed285.png
454893,processed284.png
454925,processed286.png
455071,processed150.png
455107,processed148.png
455350,processed147.png
455411,processed287.png
455526,processed280.png
455546,processed151.png
455577,processed282.png
455615,processed154.png
455625,processed283.png
455629,processed153.png
455786,processed152.png
455825,processed155.png
456026,processed281.png
456094,processed156.png
456121,processed159.png
456162,processed279.png
456421,processed275.png
456436,processed276.png
456540,processed158.png
456634,processed278.png
456639,processed157.png
456757,processed274.png
456813,processed269.png
456924,processed160.png
456969,processed277.png
457117,processed273.png
457177,processed266.png
457207,processed272.png
457247,processed265.png
457260,processed268.png
457293,processed264.png
457334,processed164.png
457338,processed165.png
457399,processed270.png
457426,processed162.png
457461,processed161.png
457501,processed163.png
457547,processed260.png
457567,processed255.png
457571,processed271.png
457606,processed259.png
457644,processed263.png
457729,processed262.png
457770,processed169.png
457785,processed166.png
457797,processed254.png
457829,processed267.png
457868,processed256.png
457933,processed258.png
457975,processed261.png
458073,processed250.png
458221,processed253.png
458283,processed257.png
458312,processed252.png
458355,processed168.png
458377,processed167.png
458514,processed170.png
458552,processed251.png
458618,processed249.png
458948,processed245.png
458949,processed174.png
459034,processed172.png
459036,processed175.png
459054,processed240.png
459086,processed171.png
459104,processed246.png
459140,processed248.png
459189,processed244.png
459290,processed209.png
459310,processed176.png
459334,processed200.png
459392,processed173.png
459401,processed235.png
459428,processed180.png
459442,processed179.png
459446,processed190.png
459454,processed239.png
459471,processed243.png
459499,processed184.png
459499,processed205.png
459555,processed185.png
459559,processed206.png
459586,processed199.png
459590,processed189.png
459611,processed195.png
459644,processed242.png
459656,processed194.png
459675,processed247.png
459679,processed204.png
459681,processed236.png
459690,processed186.png
459697,processed241.png
459698,processed234.png
459783,processed182.png
459785,processed230.png
459799,processed229.png
459841,processed192.png
459890,processed177.png
459897,processed196.png
459907,processed178.png
459907,processed191.png
459919,processed232.png
459927,processed224.png
459931,processed193.png
459952,processed183.png
459955,processed225.png
459994,processed188.png
460005,processed203.png
460029,processed202.png
460034,processed233.png
460055,processed208.png
460070,processed220.png
460070,processed222.png
460078,processed226.png
460108,processed210.png
460126,processed231.png
460144,processed207.png
460164,processed215.png
460206,processed228.png
460237,processed181.png
460241,processed198.png
460265,processed223.png
460294,processed238.png
460315,processed219.png
460332,processed214.png
460354,processed201.png
460358,processed187.png
460369,processed216.png
460371,processed212.png
460437,processed237.png
460450,processed197.png
460534,processed213.png
460562,processed221.png
460609,processed211.png
460868,processed227.png
461009,processed218.png
461091,processed217.png
